source_file	source_line	target_ref	edge_kind
runtime/src/api/auth.rs	19	crate::context::RuntimeContext	import
runtime/src/api/auth.rs	20	axum::body::Body	import
runtime/src/api/auth.rs	21	axum::extract::State	import
runtime/src/api/auth.rs	27	secrecy::ExposeSecret	import
runtime/src/api/auth.rs	28	std::sync::Arc	import
runtime/src/api/config.rs	20	crate::configs::connectors::ConfigFormat	import
runtime/src/api/config.rs	21	crate::error::RuntimeError	import
runtime/src/api/config.rs	22	axum::http::{HeaderValue, Method}	import
runtime/src/api/config.rs	23	configs_derive::ConfigEnv	import
runtime/src/api/config.rs	24	iggy_common::serde_secret::serialize_secret	import
runtime/src/api/config.rs	25	secrecy::SecretString	import
runtime/src/api/config.rs	26	serde::{Deserialize, Serialize}	import
runtime/src/api/config.rs	27	std::fmt::Formatter	import
runtime/src/api/config.rs	28	tower_http::cors::{AllowOrigin, CorsLayer}	import
runtime/src/api/config.rs	29	tracing::error	import
runtime/src/api/error.rs	19	crate::error::RuntimeError	import
runtime/src/api/error.rs	20	axum::{Json, http::StatusCode, response::IntoResponse}	import
runtime/src/api/error.rs	21	serde::Serialize	import
runtime/src/api/error.rs	22	thiserror::Error	import
runtime/src/api/error.rs	23	tracing::error	import
runtime/src/api/mod.rs	20	crate::context::RuntimeContext	import
runtime/src/api/mod.rs	21	crate::stats	import
runtime/src/api/mod.rs	22	auth::resolve_api_key	import
runtime/src/api/mod.rs	23	axum::{Json, Router, extract::State, middleware, routing::get}	import
runtime/src/api/mod.rs	24	axum_server::tls_rustls::RustlsConfig	import
runtime/src/api/mod.rs	25	config::{HttpConfig, configure_cors}	import
runtime/src/api/mod.rs	26	iggy_connector_sdk::api::ConnectorRuntimeStats	import
runtime/src/api/mod.rs	27	std::{net::SocketAddr, path::PathBuf, sync::Arc}	import
runtime/src/api/mod.rs	28	tokio::spawn	import
runtime/src/api/mod.rs	29	tracing::{error, info}	import
runtime/src/api/mod.rs	31	auth	module
runtime/src/api/mod.rs	33	error	module
runtime/src/api/mod.rs	34	models	module
runtime/src/api/mod.rs	35	sink	module
runtime/src/api/mod.rs	36	source	module
runtime/src/api/models.rs	23	crate::manager::{sink::SinkInfo, source::SourceInfo}	import
runtime/src/api/models.rs	25	iggy_connector_sdk::transforms::TransformType	import
runtime/src/api/models.rs	26	serde::{Deserialize, Serialize}	import
runtime/src/api/sink.rs	25	crate::api::models::SinkConfigResponse	import
runtime/src/api/sink.rs	26	crate::configs::connectors::{ConfigFormat, CreateSinkConfig}	import
runtime/src/api/sink.rs	27	crate::{context::RuntimeContext, error::RuntimeError}	import
runtime/src/api/sink.rs	35	serde::Deserialize	import
runtime/src/api/sink.rs	36	std::sync::Arc	import
runtime/src/api/source.rs	25	crate::api::models::SourceConfigResponse	import
runtime/src/api/source.rs	26	crate::configs::connectors::{ConfigFormat, CreateSourceConfig}	import
runtime/src/api/source.rs	27	crate::{context::RuntimeContext, error::RuntimeError}	import
runtime/src/api/source.rs	35	serde::Deserialize	import
runtime/src/api/source.rs	36	std::sync::Arc	import
runtime/src/configs/connectors.rs	21	local_provider	module
runtime/src/configs/connectors.rs	23	crate::configs::connectors::http_provider::HttpConnectorsConfigProvider	import
runtime/src/configs/connectors.rs	24	crate::configs::connectors::local_provider::LocalConnectorsConfigProvider	import
runtime/src/configs/connectors.rs	25	crate::configs::runtime::ConnectorsConfig as RuntimeConnectorsConfig	import
runtime/src/configs/connectors.rs	26	crate::error::RuntimeError	import
runtime/src/configs/connectors.rs	27	async_trait::async_trait	import
runtime/src/configs/connectors.rs	28	configs_derive::ConfigEnv	import
runtime/src/configs/connectors.rs	29	iggy_common::{DateTime, Utc}	import
runtime/src/configs/connectors.rs	30	iggy_connector_sdk::Schema	import
runtime/src/configs/connectors.rs	31	iggy_connector_sdk::transforms::TransformType	import
runtime/src/configs/connectors.rs	32	serde::{Deserialize, Serialize}	import
runtime/src/configs/connectors.rs	33	std::collections::HashMap	import
runtime/src/configs/connectors.rs	34	std::fmt::Formatter	import
runtime/src/configs/connectors.rs	35	strum::Display	import
runtime/src/configs/connectors/http_provider.rs	20	response_extractor	module
runtime/src/configs/connectors/http_provider.rs	21	url_builder	module
runtime/src/configs/connectors/http_provider.rs	23	crate::configs::connectors::http_provider::response_extractor::ResponseExtractor	import
runtime/src/configs/connectors/http_provider.rs	24	crate::configs::connectors::http_provider::url_builder::{TemplateKeys, UrlBuilder}	import
runtime/src/configs/connectors/http_provider.rs	29	crate::configs::runtime::{ResponseConfig, RetryConfig}	import
runtime/src/configs/connectors/http_provider.rs	30	crate::error::RuntimeError	import
runtime/src/configs/connectors/http_provider.rs	31	async_trait::async_trait	import
runtime/src/configs/connectors/http_provider.rs	32	reqwest	import
runtime/src/configs/connectors/http_provider.rs	33	reqwest_middleware::{ClientBuilder, ClientWithMiddleware}	import
runtime/src/configs/connectors/http_provider.rs	34	reqwest_retry::{Jitter, RetryTransientMiddleware, policies::ExponentialBackoff}	import
runtime/src/configs/connectors/http_provider.rs	35	reqwest_tracing::{SpanBackendWithUrl, TracingMiddleware}	import
runtime/src/configs/connectors/http_provider.rs	36	serde::{Deserialize, Serialize}	import
runtime/src/configs/connectors/http_provider.rs	37	std::collections::HashMap	import
runtime/src/configs/connectors/http_provider.rs	38	std::str::FromStr	import
runtime/src/configs/connectors/http_provider.rs	39	std::time::Duration	import
runtime/src/configs/connectors/http_provider/response_extractor.rs	20	crate::configs::runtime::ResponseConfig	import
runtime/src/configs/connectors/http_provider/response_extractor.rs	21	crate::error::RuntimeError	import
runtime/src/configs/connectors/http_provider/response_extractor.rs	22	serde::de::DeserializeOwned	import
runtime/src/configs/connectors/http_provider/response_extractor.rs	23	serde_json::Value	import
runtime/src/configs/connectors/http_provider/response_extractor.rs	140	super::*	import
runtime/src/configs/connectors/http_provider/response_extractor.rs	141	serde::{Deserialize, Serialize}	import
runtime/src/configs/connectors/http_provider/url_builder.rs	20	std::collections::HashMap	import
runtime/src/configs/connectors/http_provider/url_builder.rs	187	super::*	import
runtime/src/configs/connectors/local_provider.rs	24	crate::error::RuntimeError	import
runtime/src/configs/connectors/local_provider.rs	25	::configs::{ConfigProvider, FileConfigProvider, TypedEnvProvider}	import
runtime/src/configs/connectors/local_provider.rs	26	async_trait::async_trait	import
runtime/src/configs/connectors/local_provider.rs	27	dashmap::DashMap	import
runtime/src/configs/connectors/local_provider.rs	28	figment::value::Dict	import
runtime/src/configs/connectors/local_provider.rs	29	figment::{Metadata, Profile, Provider}	import
runtime/src/configs/connectors/local_provider.rs	30	iggy_common::{DateTime, Utc}	import
runtime/src/configs/connectors/local_provider.rs	31	serde::{Deserialize, Serialize}	import
runtime/src/configs/connectors/local_provider.rs	32	std::collections::HashMap	import
runtime/src/configs/connectors/local_provider.rs	33	std::path::Path	import
runtime/src/configs/connectors/local_provider.rs	34	tracing::{debug, info, warn}	import
runtime/src/configs/runtime.rs	20	crate::api::config::HttpConfig	import
runtime/src/configs/runtime.rs	21	::configs::{FileConfigProvider, TypedEnvProvider}	import
runtime/src/configs/runtime.rs	22	configs_derive::ConfigEnv	import
runtime/src/configs/runtime.rs	23	derive_more::Display	import
runtime/src/configs/runtime.rs	24	figment::providers::{Format, Toml}	import
runtime/src/configs/runtime.rs	25	figment::value::Dict	import
runtime/src/configs/runtime.rs	26	figment::{Metadata, Profile, Provider}	import
runtime/src/configs/runtime.rs	27	iggy_common::IggyDuration	import
runtime/src/configs/runtime.rs	28	iggy_common::defaults::{DEFAULT_ROOT_PASSWORD, DEFAULT_ROOT_USERNAME}	import
runtime/src/configs/runtime.rs	29	serde::{Deserialize, Serialize}	import
runtime/src/configs/runtime.rs	30	serde_with::{DisplayFromStr, serde_as}	import
runtime/src/configs/runtime.rs	31	std::collections::HashMap	import
runtime/src/configs/runtime.rs	32	std::fmt::{Display, Formatter}	import
runtime/src/configs/runtime.rs	33	std::str::FromStr	import
runtime/src/context.rs	19	crate::configs::connectors::{ConnectorsConfigProvider, SinkConfig, SourceConfig}	import
runtime/src/context.rs	20	crate::configs::runtime::ConnectorsRuntimeConfig	import
runtime/src/context.rs	21	crate::metrics::Metrics	import
runtime/src/context.rs	22	crate::stream::IggyClients	import
runtime/src/context.rs	30	iggy_common::IggyTimestamp	import
runtime/src/context.rs	31	iggy_connector_sdk::api::ConnectorError	import
runtime/src/context.rs	32	iggy_connector_sdk::api::ConnectorStatus	import
runtime/src/context.rs	33	secrecy::SecretString	import
runtime/src/context.rs	34	std::collections::HashMap	import
runtime/src/context.rs	35	std::sync::Arc	import
runtime/src/context.rs	36	tokio::sync::Mutex	import
runtime/src/context.rs	37	tracing::error	import
runtime/src/error.rs	20	thiserror::Error	import
runtime/src/log.rs	20	crate::configs::runtime::{TelemetryConfig, TelemetryTransport}	import
runtime/src/log.rs	21	iggy_connector_sdk::LogCallback	import
runtime/src/log.rs	22	opentelemetry::trace::TracerProvider	import
runtime/src/log.rs	23	opentelemetry::{KeyValue, global}	import
runtime/src/log.rs	24	opentelemetry_appender_tracing::layer::OpenTelemetryTracingBridge	import
runtime/src/log.rs	25	opentelemetry_otlp::WithExportConfig	import
runtime/src/log.rs	26	opentelemetry_sdk::Resource	import
runtime/src/log.rs	27	opentelemetry_sdk::propagation::TraceContextPropagator	import
runtime/src/log.rs	28	tracing::info	import
runtime/src/log.rs	29	tracing_opentelemetry::OpenTelemetryLayer	import
runtime/src/log.rs	30	tracing_subscriber::EnvFilter	import
runtime/src/log.rs	31	tracing_subscriber::layer::SubscriberExt	import
runtime/src/log.rs	32	tracing_subscriber::util::SubscriberInitExt	import
runtime/src/main.rs	20	crate::configs::connectors::{ConnectorsConfigProvider, create_connectors_config_provider}	import
runtime/src/main.rs	21	::configs::ConfigProvider	import
runtime/src/main.rs	22	clap::Parser	import
runtime/src/main.rs	23	configs::connectors::ConfigFormat	import
runtime/src/main.rs	24	configs::runtime::ConnectorsRuntimeConfig	import
runtime/src/main.rs	25	dlopen2::wrapper::{Container, WrapperApi}	import
runtime/src/main.rs	26	dotenvy::dotenv	import
runtime/src/main.rs	27	error::RuntimeError	import
runtime/src/main.rs	28	figlet_rs::FIGlet	import
runtime/src/main.rs	29	iggy::prelude::{Client, IggyConsumer, IggyProducer}	import
runtime/src/main.rs	37	mimalloc::MiMalloc	import
runtime/src/main.rs	38	state::StateStorage	import
runtime/src/main.rs	44	tracing::{error, info}	import
runtime/src/main.rs	46	api	module
runtime/src/main.rs	50	log	module
runtime/src/main.rs	51	manager	module
runtime/src/main.rs	53	sink	module
runtime/src/main.rs	54	source	module
runtime/src/main.rs	55	state	module
runtime/src/main.rs	57	stream	module
runtime/src/main.rs	58	transform	module
runtime/src/main.rs	248	tokio::signal::unix::{SignalKind, signal}	import
runtime/src/main.rs	464	super::*	import
runtime/src/main.rs	465	std::fs	import
runtime/src/main.rs	466	tempfile::TempDir	import
runtime/src/manager/sink.rs	19	crate::PLUGIN_ID	import
runtime/src/manager/sink.rs	20	crate::SinkApi	import
runtime/src/manager/sink.rs	21	crate::configs::connectors::{ConfigFormat, ConnectorsConfigProvider, SinkConfig}	import
runtime/src/manager/sink.rs	22	crate::context::RuntimeContext	import
runtime/src/manager/sink.rs	23	crate::error::RuntimeError	import
runtime/src/manager/sink.rs	24	crate::metrics::Metrics	import
runtime/src/manager/sink.rs	25	crate::sink	import
runtime/src/manager/sink.rs	26	dashmap::DashMap	import
runtime/src/manager/sink.rs	27	dlopen2::wrapper::Container	import
runtime/src/manager/sink.rs	28	iggy::prelude::IggyClient	import
runtime/src/manager/sink.rs	29	iggy_connector_sdk::api::{ConnectorError, ConnectorStatus}	import
runtime/src/manager/sink.rs	30	std::collections::HashMap	import
runtime/src/manager/sink.rs	31	std::fmt	import
runtime/src/manager/sink.rs	32	std::sync::Arc	import
runtime/src/manager/sink.rs	33	std::sync::atomic::Ordering	import
runtime/src/manager/sink.rs	34	std::time::Duration	import
runtime/src/manager/sink.rs	35	tokio::sync::{Mutex, watch}	import
runtime/src/manager/sink.rs	36	tokio::task::JoinHandle	import
runtime/src/manager/sink.rs	37	tracing::info	import
runtime/src/manager/sink.rs	307	super::*	import
runtime/src/manager/sink.rs	308	crate::configs::connectors::SinkConfig	import
runtime/src/manager/source.rs	19	crate::PLUGIN_ID	import
runtime/src/manager/source.rs	20	crate::SourceApi	import
runtime/src/manager/source.rs	21	crate::configs::connectors::{ConfigFormat, ConnectorsConfigProvider, SourceConfig}	import
runtime/src/manager/source.rs	22	crate::context::RuntimeContext	import
runtime/src/manager/source.rs	23	crate::error::RuntimeError	import
runtime/src/manager/source.rs	24	crate::metrics::Metrics	import
runtime/src/manager/source.rs	25	crate::source	import
runtime/src/manager/source.rs	26	crate::state::{StateProvider, StateStorage}	import
runtime/src/manager/source.rs	27	dashmap::DashMap	import
runtime/src/manager/source.rs	28	dlopen2::wrapper::Container	import
runtime/src/manager/source.rs	29	iggy::prelude::IggyClient	import
runtime/src/manager/source.rs	30	iggy_connector_sdk::api::{ConnectorError, ConnectorStatus}	import
runtime/src/manager/source.rs	31	std::collections::HashMap	import
runtime/src/manager/source.rs	32	std::fmt	import
runtime/src/manager/source.rs	33	std::sync::Arc	import
runtime/src/manager/source.rs	34	std::sync::atomic::Ordering	import
runtime/src/manager/source.rs	35	std::time::Duration	import
runtime/src/manager/source.rs	36	tokio::sync::Mutex	import
runtime/src/manager/source.rs	37	tokio::task::JoinHandle	import
runtime/src/manager/source.rs	38	tracing::info	import
runtime/src/manager/source.rs	314	super::*	import
runtime/src/manager/source.rs	315	crate::configs::connectors::SourceConfig	import
runtime/src/metrics.rs	20	prometheus_client::encoding::text::encode	import
runtime/src/metrics.rs	21	prometheus_client::encoding::{EncodeLabelSet, EncodeLabelValue}	import
runtime/src/metrics.rs	22	prometheus_client::metrics::counter::Counter	import
runtime/src/metrics.rs	23	prometheus_client::metrics::family::Family	import
runtime/src/metrics.rs	24	prometheus_client::metrics::gauge::Gauge	import
runtime/src/metrics.rs	25	prometheus_client::registry::Registry	import
runtime/src/metrics.rs	26	std::sync::Arc	import
runtime/src/metrics.rs	27	tracing::error	import
runtime/src/metrics.rs	270	super::*	import
runtime/src/sink.rs	20	crate::configs::connectors::SinkConfig	import
runtime/src/sink.rs	21	crate::context::RuntimeContext	import
runtime/src/sink.rs	22	crate::log::LOG_CALLBACK	import
runtime/src/sink.rs	23	crate::metrics::Metrics	import
runtime/src/sink.rs	28	dlopen2::wrapper::Container	import
runtime/src/sink.rs	29	futures::StreamExt	import
runtime/src/sink.rs	44	tokio::sync::watch	import
runtime/src/sink.rs	45	tokio::task::JoinHandle	import
runtime/src/sink.rs	46	tracing::{debug, error, info, warn}	import
runtime/src/source.rs	20	dashmap::DashMap	import
runtime/src/source.rs	21	dlopen2::wrapper::Container	import
runtime/src/source.rs	22	flume::{Receiver, Sender}	import
runtime/src/source.rs	31	once_cell::sync::Lazy	import
runtime/src/source.rs	37	tracing::{debug, error, info, trace, warn}	import
runtime/src/source.rs	39	crate::configs::connectors::SourceConfig	import
runtime/src/source.rs	40	crate::context::RuntimeContext	import
runtime/src/source.rs	41	crate::log::LOG_CALLBACK	import
runtime/src/source.rs	42	crate::metrics::ConnectorType	import
runtime/src/source.rs	49	iggy_connector_sdk::api::ConnectorStatus	import
runtime/src/source.rs	50	tokio::task::JoinHandle	import
runtime/src/state.rs	20	std::io::SeekFrom	import
runtime/src/state.rs	22	iggy_connector_sdk::{ConnectorState, Error}	import
runtime/src/state.rs	23	strum::Display	import
runtime/src/state.rs	29	tracing::{debug, error, info}	import
runtime/src/stats.rs	20	crate::context::RuntimeContext	import
runtime/src/stats.rs	21	crate::metrics::ConnectorType	import
runtime/src/stats.rs	22	iggy_common::{IggyTimestamp, SemanticVersion}	import
runtime/src/stats.rs	23	iggy_connector_sdk::api::{ConnectorRuntimeStats, ConnectorStats}	import
runtime/src/stats.rs	24	std::str::FromStr	import
runtime/src/stats.rs	25	std::sync::Arc	import
runtime/src/stats.rs	26	sysinfo::System	import
runtime/src/stream.rs	20	iggy::prelude::{Client, IggyClient, IggyClientBuilder}	import
runtime/src/stream.rs	21	std::path::PathBuf	import
runtime/src/stream.rs	22	tracing::{error, info}	import
runtime/src/stream.rs	24	crate::configs::runtime::IggyConfig	import
runtime/src/stream.rs	25	crate::error::RuntimeError	import
runtime/src/stream.rs	144	super::*	import
runtime/src/stream.rs	145	std::io::Write	import
runtime/src/stream.rs	146	tempfile::NamedTempFile	import
runtime/src/transform.rs	20	crate::RuntimeError	import
runtime/src/transform.rs	21	crate::configs::connectors::{SharedTransformConfig, TransformsConfig}	import
runtime/src/transform.rs	22	iggy_connector_sdk::transforms::Transform	import
runtime/src/transform.rs	23	serde::Deserialize	import
runtime/src/transform.rs	24	std::sync::Arc	import
sdk/src/api.rs	25	iggy_common::IggyTimestamp	import
sdk/src/api.rs	26	serde::{Deserialize, Serialize}	import
sdk/src/api.rs	27	strum::{AsRefStr, Display as StrumDisplay, EnumString}	import
sdk/src/decoders/flatbuffer.rs	19	crate::{Error, Payload, Schema, StreamDecoder}	import
sdk/src/decoders/flatbuffer.rs	20	base64::Engine	import
sdk/src/decoders/flatbuffer.rs	21	serde::{Deserialize, Serialize}	import
sdk/src/decoders/flatbuffer.rs	22	std::collections::HashMap	import
sdk/src/decoders/flatbuffer.rs	23	std::path::PathBuf	import
sdk/src/decoders/flatbuffer.rs	24	tracing::error	import
sdk/src/decoders/flatbuffer.rs	180	super::*	import
sdk/src/decoders/flatbuffer.rs	181	flatbuffers::FlatBufferBuilder	import
sdk/src/decoders/json.rs	19	crate::{Error, Payload, Schema, StreamDecoder}	import
sdk/src/decoders/json.rs	20	tracing::error	import
sdk/src/decoders/proto.rs	18	crate::{Error, Payload, Schema, StreamDecoder}	import
sdk/src/decoders/proto.rs	19	base64::Engine	import
sdk/src/decoders/proto.rs	20	prost::Message	import
sdk/src/decoders/proto.rs	21	prost_types::Any	import
sdk/src/decoders/proto.rs	22	prost_types::field_descriptor_proto::Type	import
sdk/src/decoders/proto.rs	23	protox::file::GoogleFileResolver	import
sdk/src/decoders/proto.rs	24	protox_parse::parse	import
sdk/src/decoders/proto.rs	25	serde::{Deserialize, Serialize}	import
sdk/src/decoders/proto.rs	26	std::collections::HashMap	import
sdk/src/decoders/proto.rs	27	std::fs	import
sdk/src/decoders/proto.rs	28	std::path::PathBuf	import
sdk/src/decoders/proto.rs	29	tracing::{error, info}	import
sdk/src/decoders/proto.rs	567	super::*	import
sdk/src/decoders/proto.rs	568	prost_types::Any	import
sdk/src/decoders/proto.rs	569	std::path::PathBuf	import
sdk/src/decoders/raw.rs	19	crate::{Error, Payload, Schema, StreamDecoder}	import
sdk/src/decoders/text.rs	19	crate::{Error, Payload, Schema, StreamDecoder}	import
sdk/src/decoders/text.rs	20	tracing::error	import
sdk/src/encoders/flatbuffer.rs	19	crate::{Error, Payload, Schema, StreamEncoder}	import
sdk/src/encoders/flatbuffer.rs	20	base64::Engine	import
sdk/src/encoders/flatbuffer.rs	21	flatbuffers::FlatBufferBuilder	import
sdk/src/encoders/flatbuffer.rs	22	serde::{Deserialize, Serialize}	import
sdk/src/encoders/flatbuffer.rs	23	std::collections::HashMap	import
sdk/src/encoders/flatbuffer.rs	24	std::path::PathBuf	import
sdk/src/encoders/flatbuffer.rs	253	super::*	import
sdk/src/encoders/json.rs	19	crate::{Error, Payload, Schema, StreamEncoder}	import
sdk/src/encoders/proto.rs	19	crate::{Error, Payload, Schema, StreamEncoder}	import
sdk/src/encoders/proto.rs	20	base64::{Engine as Base64Engine, engine::general_purpose}	import
sdk/src/encoders/proto.rs	21	iggy_common::IggyTimestamp	import
sdk/src/encoders/proto.rs	22	prost::Message	import
sdk/src/encoders/proto.rs	23	prost_types::Any	import
sdk/src/encoders/proto.rs	24	serde::{Deserialize, Serialize}	import
sdk/src/encoders/proto.rs	25	std::collections::HashMap	import
sdk/src/encoders/proto.rs	26	std::path::PathBuf	import
sdk/src/encoders/proto.rs	27	tracing::{error, info}	import
sdk/src/encoders/proto.rs	132	protox::file::GoogleFileResolver	import
sdk/src/encoders/proto.rs	133	protox_parse::parse	import
sdk/src/encoders/proto.rs	134	std::fs	import
sdk/src/encoders/proto.rs	261	prost::Message	import
sdk/src/encoders/proto.rs	416	prost_types::field_descriptor_proto::Type	import
sdk/src/encoders/proto.rs	505	prost_types::field_descriptor_proto::Type	import
sdk/src/encoders/proto.rs	718	super::*	import
sdk/src/encoders/proto.rs	719	std::collections::HashMap	import
sdk/src/encoders/proto.rs	720	std::path::PathBuf	import
sdk/src/encoders/raw.rs	19	crate::{Error, Payload, Schema, StreamEncoder}	import
sdk/src/encoders/text.rs	19	crate::{Error, Payload, Schema, StreamEncoder}	import
sdk/src/lib.rs	20	async_trait::async_trait	import
sdk/src/lib.rs	21	base64::{self, Engine}	import
sdk/src/lib.rs	30	iggy::prelude::{HeaderKey, HeaderValue}	import
sdk/src/lib.rs	31	once_cell::sync::OnceCell	import
sdk/src/lib.rs	32	prost::Message	import
sdk/src/lib.rs	33	serde::{Deserialize, Serialize}	import
sdk/src/lib.rs	34	std::{collections::BTreeMap, sync::Arc}	import
sdk/src/lib.rs	35	strum_macros::{Display, IntoStaticStr}	import
sdk/src/lib.rs	36	thiserror::Error	import
sdk/src/lib.rs	37	tokio::runtime::Runtime	import
sdk/src/log.rs	20	tracing::field::{Field, Visit}	import
sdk/src/log.rs	21	tracing::{Event, Level, Subscriber}	import
sdk/src/log.rs	22	tracing_subscriber::layer::{Context, Layer}	import
sdk/src/retry.rs	35	anyhow::anyhow	import
sdk/src/retry.rs	36	http::Extensions	import
sdk/src/retry.rs	37	humantime::Duration as HumanDuration	import
sdk/src/retry.rs	38	rand::RngExt as _	import
sdk/src/retry.rs	39	reqwest_middleware::{ClientBuilder, ClientWithMiddleware, Middleware, Next}	import
sdk/src/retry.rs	40	std::str::FromStr	import
sdk/src/retry.rs	41	std::time::Duration	import
sdk/src/retry.rs	42	tokio::sync::Mutex	import
sdk/src/retry.rs	43	tracing::{info, warn}	import
sdk/src/sink.rs	20	serde::de::DeserializeOwned	import
sdk/src/sink.rs	21	tokio::sync::watch	import
sdk/src/sink.rs	22	tracing::{error, info}	import
sdk/src/sink.rs	23	tracing_subscriber::{EnvFilter, Registry, layer::SubscriberExt, util::SubscriberInitExt}	import
sdk/src/sink.rs	25	crate::log::{CallbackLayer, LogCallback}	import
sdk/src/sink.rs	26	crate::{ConsumedMessage, MessagesMetadata, RawMessages, Sink, TopicMetadata, get_runtime}	import
sdk/src/sink.rs	225	$crate::connector_macro_support::{DashMap, Lazy}	import
sdk/src/sink.rs	226	$crate::LogCallback	import
sdk/src/sink.rs	227	$crate::sink::SinkContainer	import
sdk/src/source.rs	20	crate::log::{CallbackLayer, LogCallback}	import
sdk/src/source.rs	21	crate::{ConnectorState, Error, Source, get_runtime}	import
sdk/src/source.rs	22	serde::de::DeserializeOwned	import
sdk/src/source.rs	23	std::sync::Arc	import
sdk/src/source.rs	24	tokio::{sync::watch, task::JoinHandle}	import
sdk/src/source.rs	25	tracing::{error, info}	import
sdk/src/source.rs	26	tracing_subscriber::{EnvFilter, Registry, layer::SubscriberExt, util::SubscriberInitExt}	import
sdk/src/source.rs	211	dashmap::DashMap	import
sdk/src/source.rs	212	once_cell::sync::Lazy	import
sdk/src/source.rs	213	$crate::LogCallback	import
sdk/src/source.rs	214	$crate::source::SendCallback	import
sdk/src/source.rs	215	$crate::source::SourceContainer	import
sdk/src/transforms/add_fields.rs	19	super::{FieldValue, Transform, TransformType}	import
sdk/src/transforms/add_fields.rs	20	crate::{DecodedMessage, Error, Payload, TopicMetadata}	import
sdk/src/transforms/add_fields.rs	21	serde::{Deserialize, Serialize}	import
sdk/src/transforms/delete_fields.rs	19	super::{Transform, TransformType}	import
sdk/src/transforms/delete_fields.rs	20	crate::{DecodedMessage, Error, Payload, TopicMetadata}	import
sdk/src/transforms/delete_fields.rs	21	serde::{Deserialize, Serialize}	import
sdk/src/transforms/delete_fields.rs	22	simd_json::OwnedValue	import
sdk/src/transforms/delete_fields.rs	23	std::collections::HashSet	import
sdk/src/transforms/filter_fields.rs	19	super::{Transform, TransformType}	import
sdk/src/transforms/filter_fields.rs	20	crate::{DecodedMessage, Error, Payload, TopicMetadata}	import
sdk/src/transforms/filter_fields.rs	21	regex::Regex	import
sdk/src/transforms/filter_fields.rs	22	serde::{Deserialize, Serialize}	import
sdk/src/transforms/filter_fields.rs	23	simd_json::OwnedValue	import
sdk/src/transforms/filter_fields.rs	24	simd_json::prelude::{TypedArrayValue, TypedObjectValue, TypedScalarValue, ValueAsScalar}	import
sdk/src/transforms/filter_fields.rs	25	std::collections::HashSet	import
sdk/src/transforms/filter_fields.rs	106	ValuePattern::*	import
sdk/src/transforms/filter_fields.rs	128	ValuePattern::*	import
sdk/src/transforms/flatbuffer_convert.rs	19	serde::{Deserialize, Serialize}	import
sdk/src/transforms/flatbuffer_convert.rs	20	std::collections::HashMap	import
sdk/src/transforms/flatbuffer_convert.rs	21	std::path::PathBuf	import
sdk/src/transforms/flatbuffer_convert.rs	23	super::{Transform, TransformType}	import
sdk/src/transforms/flatbuffer_convert.rs	24	crate::decoders::flatbuffer::{FlatBufferConfig, FlatBufferStreamDecoder}	import
sdk/src/transforms/flatbuffer_convert.rs	25	crate::encoders::flatbuffer::{FlatBufferEncoderConfig, FlatBufferStreamEncoder}	import
sdk/src/transforms/flatbuffer_convert.rs	26	crate::{DecodedMessage, Error, Payload, Schema, TopicMetadata}	import
sdk/src/transforms/flatbuffer_convert.rs	27	crate::{StreamDecoder, StreamEncoder}	import
sdk/src/transforms/json/add_fields.rs	19	super::compute_value	import
sdk/src/transforms/json/add_fields.rs	24	simd_json::OwnedValue	import
sdk/src/transforms/json/add_fields.rs	50	super::*	import
sdk/src/transforms/json/add_fields.rs	59	simd_json::OwnedValue	import
sdk/src/transforms/json/delete_fields.rs	22	simd_json::OwnedValue	import
sdk/src/transforms/json/delete_fields.rs	41	super::*	import
sdk/src/transforms/json/filter_fields.rs	22	simd_json::OwnedValue	import
sdk/src/transforms/json/filter_fields.rs	55	super::*	import
sdk/src/transforms/json/mod.rs	19	iggy_common::IggyTimestamp	import
sdk/src/transforms/json/mod.rs	20	simd_json::OwnedValue	import
sdk/src/transforms/json/mod.rs	22	super::ComputedValue	import
sdk/src/transforms/json/test_utils.rs	19	crate::{DecodedMessage, Payload, TopicMetadata}	import
sdk/src/transforms/json/test_utils.rs	20	simd_json::OwnedValue	import
sdk/src/transforms/json/test_utils.rs	21	simd_json::prelude::{TypedScalarValue, ValueAsScalar}	import
sdk/src/transforms/json/test_utils.rs	22	uuid	import
sdk/src/transforms/json/update_fields.rs	19	super::compute_value	import
sdk/src/transforms/json/update_fields.rs	24	simd_json::OwnedValue	import
sdk/src/transforms/json/update_fields.rs	58	super::*	import
sdk/src/transforms/json/update_fields.rs	67	simd_json::OwnedValue	import
sdk/src/transforms/json/update_fields.rs	68	simd_json::prelude::TypedScalarValue	import
sdk/src/transforms/mod.rs	19	add_fields	module
sdk/src/transforms/mod.rs	20	delete_fields	module
sdk/src/transforms/mod.rs	21	filter_fields	module
sdk/src/transforms/mod.rs	25	update_fields	module
sdk/src/transforms/mod.rs	26	crate::{DecodedMessage, Error, TopicMetadata}	import
sdk/src/transforms/mod.rs	35	serde::{Deserialize, Serialize}	import
sdk/src/transforms/mod.rs	36	simd_json::OwnedValue	import
sdk/src/transforms/mod.rs	37	std::sync::Arc	import
sdk/src/transforms/mod.rs	38	strum_macros::{Display, IntoStaticStr}	import
sdk/src/transforms/proto_convert.rs	19	base64::Engine	import
sdk/src/transforms/proto_convert.rs	20	iggy_common::IggyTimestamp	import
sdk/src/transforms/proto_convert.rs	21	prost::Message	import
sdk/src/transforms/proto_convert.rs	22	serde::{Deserialize, Serialize}	import
sdk/src/transforms/proto_convert.rs	23	std::collections::HashMap	import
sdk/src/transforms/proto_convert.rs	24	std::path::PathBuf	import
sdk/src/transforms/proto_convert.rs	25	tracing::{error, info}	import
sdk/src/transforms/proto_convert.rs	27	super::{Transform, TransformType}	import
sdk/src/transforms/proto_convert.rs	28	crate::{DecodedMessage, Error, Payload, Schema, TopicMetadata}	import
sdk/src/transforms/proto_convert.rs	122	protox::file::GoogleFileResolver	import
sdk/src/transforms/proto_convert.rs	123	protox_parse::parse	import
sdk/src/transforms/proto_convert.rs	124	std::fs	import
sdk/src/transforms/proto_convert.rs	251	prost::Message	import
sdk/src/transforms/proto_convert.rs	311	prost_types::field_descriptor_proto::Type	import
sdk/src/transforms/proto_convert.rs	333	prost_types::field_descriptor_proto::Type	import
sdk/src/transforms/proto_convert.rs	728	super::*	import
sdk/src/transforms/proto_convert.rs	729	crate::{DecodedMessage, TopicMetadata}	import
sdk/src/transforms/proto_convert.rs	730	std::collections::HashMap	import
sdk/src/transforms/proto_convert.rs	731	std::path::PathBuf	import
sdk/src/transforms/update_fields.rs	19	super::{FieldValue, Transform, TransformType}	import
sdk/src/transforms/update_fields.rs	20	crate::{DecodedMessage, Error, Payload, TopicMetadata}	import
sdk/src/transforms/update_fields.rs	21	serde::{Deserialize, Serialize}	import
sdk/tests/flatbuffer_integration.rs	19	iggy_connector_sdk::decoders::flatbuffer::{FlatBufferConfig, FlatBufferStreamDecoder}	import
sdk/tests/flatbuffer_integration.rs	20	iggy_connector_sdk::encoders::flatbuffer::{FlatBufferEncoderConfig, FlatBufferStreamEncoder}	import
sdk/tests/flatbuffer_integration.rs	21	iggy_connector_sdk::transforms::{FlatBufferConvert, FlatBufferConvertConfig, Transform}	import
sdk/tests/flatbuffer_integration.rs	22	iggy_connector_sdk::{Payload, Schema, StreamDecoder, StreamEncoder}	import
sdk/tests/flatbuffer_integration.rs	23	std::collections::HashMap	import
sdk/tests/flatbuffer_integration.rs	24	std::path::PathBuf	import
sdk/tests/protobuf_integration.rs	18	iggy_connector_sdk::decoders::proto::{ProtoConfig, ProtoStreamDecoder}	import
sdk/tests/protobuf_integration.rs	19	iggy_connector_sdk::encoders::proto::{ProtoEncoderConfig, ProtoStreamEncoder}	import
sdk/tests/protobuf_integration.rs	20	iggy_connector_sdk::transforms::{ProtoConvert, ProtoConvertConfig, Transform}	import
sdk/tests/protobuf_integration.rs	21	iggy_connector_sdk::{Payload, Schema, StreamDecoder, StreamEncoder}	import
sdk/tests/protobuf_integration.rs	22	prost::Message	import
sdk/tests/protobuf_integration.rs	23	prost_types::Any	import
sdk/tests/protobuf_integration.rs	24	std::collections::HashMap	import
sdk/tests/protobuf_integration.rs	25	std::path::PathBuf	import
sinks/elasticsearch_sink/src/lib.rs	20	async_trait::async_trait	import
sinks/elasticsearch_sink/src/lib.rs	21	base64::{Engine as _, engine::general_purpose}	import
sinks/elasticsearch_sink/src/lib.rs	27	iggy_common::IggyTimestamp	import
sinks/elasticsearch_sink/src/lib.rs	32	secrecy::{ExposeSecret, SecretString}	import
sinks/elasticsearch_sink/src/lib.rs	33	serde::{Deserialize, Serialize}	import
sinks/elasticsearch_sink/src/lib.rs	34	serde_json::json	import
sinks/elasticsearch_sink/src/lib.rs	35	simd_json::{OwnedValue, prelude::*}	import
sinks/elasticsearch_sink/src/lib.rs	36	tokio::sync::Mutex	import
sinks/elasticsearch_sink/src/lib.rs	37	tracing::{info, warn}	import
sinks/http_sink/src/lib.rs	19	async_trait::async_trait	import
sinks/http_sink/src/lib.rs	20	base64::Engine	import
sinks/http_sink/src/lib.rs	21	base64::engine::general_purpose	import
sinks/http_sink/src/lib.rs	22	bytes::Bytes	import
sinks/http_sink/src/lib.rs	23	humantime::Duration as HumanDuration	import
sinks/http_sink/src/lib.rs	28	reqwest_middleware::{ClientBuilder, ClientWithMiddleware}	import
sinks/http_sink/src/lib.rs	32	reqwest_tracing::TracingMiddleware	import
sinks/http_sink/src/lib.rs	33	serde::{Deserialize, Serialize}	import
sinks/http_sink/src/lib.rs	34	std::collections::{HashMap, HashSet}	import
sinks/http_sink/src/lib.rs	35	std::str::FromStr	import
sinks/http_sink/src/lib.rs	36	std::sync::atomic::{AtomicU64, Ordering}	import
sinks/http_sink/src/lib.rs	37	std::time::{Duration, SystemTime, UNIX_EPOCH}	import
sinks/http_sink/src/lib.rs	38	tracing::{debug, error, info, warn}	import
sinks/http_sink/src/lib.rs	1260	super::*	import
sinks/http_sink/src/lib.rs	1261	iggy_connector_sdk::Schema	import
sinks/http_sink/src/lib.rs	1262	std::collections::BTreeMap	import
sinks/http_sink/src/lib.rs	1649	iggy_connector_sdk::ConsumedMessage	import
sinks/iceberg_sink/src/catalog.rs	19	super::{Error, IcebergSinkConfig, IcebergSinkStoreClass, IcebergSinkTypes}	import
sinks/iceberg_sink/src/catalog.rs	20	crate::props::init_props	import
sinks/iceberg_sink/src/catalog.rs	21	iceberg::{Catalog, CatalogBuilder}	import
sinks/iceberg_sink/src/catalog.rs	25	iceberg_storage_opendal::OpenDalStorageFactory	import
sinks/iceberg_sink/src/catalog.rs	26	std::collections::HashMap	import
sinks/iceberg_sink/src/catalog.rs	27	std::sync::Arc	import
sinks/iceberg_sink/src/lib.rs	19	crate::router::Router	import
sinks/iceberg_sink/src/lib.rs	20	iggy_connector_sdk::{Error, sink_connector}	import
sinks/iceberg_sink/src/lib.rs	21	serde::{Deserialize, Serialize}	import
sinks/iceberg_sink/src/lib.rs	22	strum::Display as StrumDisplay	import
sinks/iceberg_sink/src/lib.rs	24	catalog	module
sinks/iceberg_sink/src/lib.rs	25	props	module
sinks/iceberg_sink/src/lib.rs	26	router	module
sinks/iceberg_sink/src/lib.rs	27	sink	module
sinks/iceberg_sink/src/props.rs	19	super::{Error, IcebergSinkConfig, IcebergSinkStoreClass}	import
sinks/iceberg_sink/src/props.rs	20	std::collections::HashMap	import
sinks/iceberg_sink/src/router/arrow_streamer.rs	19	simd_json::OwnedValue	import
sinks/iceberg_sink/src/router/arrow_streamer.rs	20	std::io::{self, BufRead, Cursor, Read}	import
sinks/iceberg_sink/src/router/arrow_streamer.rs	21	std::slice::Iter	import
sinks/iceberg_sink/src/router/dynamic_router.rs	20	crate::router::{Router, is_valid_namespaced_table, table_exists, write_data}	import
sinks/iceberg_sink/src/router/dynamic_router.rs	21	async_trait::async_trait	import
sinks/iceberg_sink/src/router/dynamic_router.rs	22	iceberg::Catalog	import
sinks/iceberg_sink/src/router/dynamic_router.rs	23	iceberg::table::Table	import
sinks/iceberg_sink/src/router/dynamic_router.rs	24	iggy_connector_sdk::{ConsumedMessage, Error, MessagesMetadata, Payload}	import
sinks/iceberg_sink/src/router/dynamic_router.rs	25	simd_json::base::ValueAsObject	import
sinks/iceberg_sink/src/router/dynamic_router.rs	26	std::collections::HashMap	import
sinks/iceberg_sink/src/router/dynamic_router.rs	27	tracing::{info, warn}	import
sinks/iceberg_sink/src/router/mod.rs	19	crate::router::arrow_streamer::JsonArrowReader	import
sinks/iceberg_sink/src/router/mod.rs	20	crate::slice_user_table	import
sinks/iceberg_sink/src/router/mod.rs	21	arrow_json::ReaderBuilder	import
sinks/iceberg_sink/src/router/mod.rs	22	async_trait::async_trait	import
sinks/iceberg_sink/src/router/mod.rs	23	iceberg::TableIdent	import
sinks/iceberg_sink/src/router/mod.rs	24	iceberg::arrow::schema_to_arrow_schema	import
sinks/iceberg_sink/src/router/mod.rs	28	iceberg::table::Table	import
sinks/iceberg_sink/src/router/mod.rs	29	iceberg::transaction::{ApplyTransactionAction, Transaction}	import
sinks/iceberg_sink/src/router/mod.rs	30	iceberg::writer::base_writer::data_file_writer::DataFileWriterBuilder	import
sinks/iceberg_sink/src/router/mod.rs	31	iceberg::writer::file_writer::ParquetWriterBuilder	import
sinks/iceberg_sink/src/router/mod.rs	32	iceberg::writer::file_writer::rolling_writer::RollingFileWriterBuilder	import
sinks/iceberg_sink/src/router/mod.rs	33	iceberg::writer::{IcebergWriter, IcebergWriterBuilder}	import
sinks/iceberg_sink/src/router/mod.rs	38	iggy_connector_sdk::{ConsumedMessage, Error, MessagesMetadata, Payload, Schema}	import
sinks/iceberg_sink/src/router/mod.rs	39	parquet::file::properties::WriterProperties	import
sinks/iceberg_sink/src/router/mod.rs	40	std::sync::Arc	import
sinks/iceberg_sink/src/router/mod.rs	41	tracing::{error, warn}	import
sinks/iceberg_sink/src/router/mod.rs	42	uuid::Uuid	import
sinks/iceberg_sink/src/router/mod.rs	44	arrow_streamer	module
sinks/iceberg_sink/src/router/static_router.rs	19	crate::router::{Router, is_valid_namespaced_table, table_exists, write_data}	import
sinks/iceberg_sink/src/router/static_router.rs	20	async_trait::async_trait	import
sinks/iceberg_sink/src/router/static_router.rs	21	iceberg::Catalog	import
sinks/iceberg_sink/src/router/static_router.rs	22	iceberg::table::Table	import
sinks/iceberg_sink/src/router/static_router.rs	23	iggy_connector_sdk::{ConsumedMessage, Error, MessagesMetadata, Payload}	import
sinks/iceberg_sink/src/router/static_router.rs	24	tracing::{error, info, warn}	import
sinks/iceberg_sink/src/sink.rs	25	async_trait::async_trait	import
sinks/iceberg_sink/src/sink.rs	26	iceberg::Catalog	import
sinks/iceberg_sink/src/sink.rs	27	iggy_connector_sdk::{ConsumedMessage, Error, MessagesMetadata, Sink, TopicMetadata}	import
sinks/iceberg_sink/src/sink.rs	28	tracing::{debug, error, info}	import
sinks/influxdb_sink/src/lib.rs	19	async_trait::async_trait	import
sinks/influxdb_sink/src/lib.rs	20	base64::{Engine as _, engine::general_purpose}	import
sinks/influxdb_sink/src/lib.rs	21	bytes::Bytes	import
sinks/influxdb_sink/src/lib.rs	22	iggy_common::serde_secret::serialize_secret	import
sinks/influxdb_sink/src/lib.rs	30	reqwest::Url	import
sinks/influxdb_sink/src/lib.rs	31	reqwest_middleware::ClientWithMiddleware	import
sinks/influxdb_sink/src/lib.rs	32	secrecy::{ExposeSecret, SecretString}	import
sinks/influxdb_sink/src/lib.rs	33	serde::{Deserialize, Serialize}	import
sinks/influxdb_sink/src/lib.rs	34	std::sync::Arc	import
sinks/influxdb_sink/src/lib.rs	35	std::sync::atomic::{AtomicU64, Ordering}	import
sinks/influxdb_sink/src/lib.rs	36	std::time::Duration	import
sinks/influxdb_sink/src/lib.rs	37	std::time::SystemTime	import
sinks/influxdb_sink/src/lib.rs	38	std::time::UNIX_EPOCH	import
sinks/influxdb_sink/src/lib.rs	39	tracing::{debug, error, info, warn}	import
sinks/influxdb_sink/src/lib.rs	351	std::fmt::Write as _	import
sinks/influxdb_sink/src/lib.rs	357	std::fmt::Write as _	import
sinks/influxdb_sink/src/lib.rs	371	std::fmt::Write as _	import
sinks/influxdb_sink/src/lib.rs	388	std::fmt::Write as _	import
sinks/influxdb_sink/src/lib.rs	397	std::fmt::Write as _	import
sinks/influxdb_sink/src/lib.rs	402	std::fmt::Write as _	import
sinks/influxdb_sink/src/lib.rs	484	std::fmt::Write as _	import
sinks/influxdb_sink/src/lib.rs	753	super::*	import
sinks/influxdb_sink/src/lib.rs	754	iggy_connector_sdk::{MessagesMetadata, Schema, TopicMetadata}	import
sinks/mongodb_sink/src/lib.rs	19	async_trait::async_trait	import
sinks/mongodb_sink/src/lib.rs	20	humantime::Duration as HumanDuration	import
sinks/mongodb_sink/src/lib.rs	24	mongodb::{Client, Collection, bson, options::ClientOptions}	import
sinks/mongodb_sink/src/lib.rs	25	secrecy::{ExposeSecret, SecretString}	import
sinks/mongodb_sink/src/lib.rs	26	serde::{Deserialize, Serialize}	import
sinks/mongodb_sink/src/lib.rs	27	std::str::FromStr	import
sinks/mongodb_sink/src/lib.rs	28	std::sync::atomic::{AtomicU64, Ordering}	import
sinks/mongodb_sink/src/lib.rs	29	std::time::Duration	import
sinks/mongodb_sink/src/lib.rs	30	tracing::{debug, error, info, warn}	import
sinks/mongodb_sink/src/lib.rs	525	mongodb::error::ErrorKind	import
sinks/mongodb_sink/src/lib.rs	543	mongodb::error::ErrorKind	import
sinks/mongodb_sink/src/lib.rs	555	mongodb::error::ErrorKind	import
sinks/mongodb_sink/src/lib.rs	599	super::*	import
sinks/postgres_sink/src/lib.rs	19	async_trait::async_trait	import
sinks/postgres_sink/src/lib.rs	20	humantime::Duration as HumanDuration	import
sinks/postgres_sink/src/lib.rs	21	iggy_common::{DateTime, Utc}	import
sinks/postgres_sink/src/lib.rs	25	secrecy::{ExposeSecret, SecretString}	import
sinks/postgres_sink/src/lib.rs	26	serde::{Deserialize, Serialize}	import
sinks/postgres_sink/src/lib.rs	27	sqlx::postgres::PgPoolOptions	import
sinks/postgres_sink/src/lib.rs	28	sqlx::{Pool, Postgres}	import
sinks/postgres_sink/src/lib.rs	29	std::str::FromStr	import
sinks/postgres_sink/src/lib.rs	30	std::time::Duration	import
sinks/postgres_sink/src/lib.rs	31	tokio::sync::Mutex	import
sinks/postgres_sink/src/lib.rs	32	tracing::{debug, error, info, warn}	import
sinks/postgres_sink/src/lib.rs	547	super::*	import
sinks/quickwit_sink/src/lib.rs	19	async_trait::async_trait	import
sinks/quickwit_sink/src/lib.rs	23	serde::{Deserialize, Serialize}	import
sinks/quickwit_sink/src/lib.rs	24	tracing::{error, info, warn}	import
sinks/stdout_sink/src/lib.rs	19	async_trait::async_trait	import
sinks/stdout_sink/src/lib.rs	23	serde::{Deserialize, Serialize}	import
sinks/stdout_sink/src/lib.rs	24	tokio::sync::Mutex	import
sinks/stdout_sink/src/lib.rs	25	tracing::info	import
sources/elasticsearch_source/src/lib.rs	19	async_trait::async_trait	import
sources/elasticsearch_source/src/lib.rs	25	iggy_common::{DateTime, Utc}	import
sources/elasticsearch_source/src/lib.rs	29	secrecy::{ExposeSecret, SecretString}	import
sources/elasticsearch_source/src/lib.rs	30	serde::{Deserialize, Serialize}	import
sources/elasticsearch_source/src/lib.rs	31	serde_json::{Value, json}	import
sources/elasticsearch_source/src/lib.rs	32	std::str::FromStr	import
sources/elasticsearch_source/src/lib.rs	33	std::sync::Arc	import
sources/elasticsearch_source/src/lib.rs	34	std::time::Duration	import
sources/elasticsearch_source/src/lib.rs	35	tokio::{sync::Mutex, time::sleep}	import
sources/elasticsearch_source/src/lib.rs	36	tracing::{info, warn}	import
sources/elasticsearch_source/src/lib.rs	38	state_manager	module
sources/elasticsearch_source/src/lib.rs	39	crate::state_manager::{FileStateStorage, SourceState, StateStorage}	import
sources/elasticsearch_source/src/state_manager.rs	20	crate::{ElasticsearchSource, StateConfig}	import
sources/elasticsearch_source/src/state_manager.rs	21	async_trait::async_trait	import
sources/elasticsearch_source/src/state_manager.rs	22	iggy_common::{ChronoDuration, DateTime, Utc}	import
sources/elasticsearch_source/src/state_manager.rs	23	iggy_connector_sdk::Error	import
sources/elasticsearch_source/src/state_manager.rs	24	serde::{Deserialize, Serialize}	import
sources/elasticsearch_source/src/state_manager.rs	25	std::str::FromStr	import
sources/elasticsearch_source/src/state_manager.rs	26	std::sync::Arc	import
sources/elasticsearch_source/src/state_manager.rs	27	tokio::time::{Duration, interval}	import
sources/elasticsearch_source/src/state_manager.rs	28	tracing::{error, info, warn}	import
sources/elasticsearch_source/src/state_manager.rs	309	tokio::fs	import
sources/elasticsearch_source/src/state_manager.rs	330	tokio::fs	import
sources/elasticsearch_source/src/state_manager.rs	349	tokio::fs	import
sources/elasticsearch_source/src/state_manager.rs	362	tokio::fs	import
sources/influxdb_source/src/lib.rs	19	async_trait::async_trait	import
sources/influxdb_source/src/lib.rs	20	base64::{Engine as _, engine::general_purpose}	import
sources/influxdb_source/src/lib.rs	21	csv::StringRecord	import
sources/influxdb_source/src/lib.rs	22	iggy_common::serde_secret::serialize_secret	import
sources/influxdb_source/src/lib.rs	23	iggy_common::{DateTime, Utc}	import
sources/influxdb_source/src/lib.rs	31	regex::Regex	import
sources/influxdb_source/src/lib.rs	32	reqwest::Url	import
sources/influxdb_source/src/lib.rs	33	reqwest_middleware::ClientWithMiddleware	import
sources/influxdb_source/src/lib.rs	34	secrecy::{ExposeSecret, SecretString}	import
sources/influxdb_source/src/lib.rs	35	serde::{Deserialize, Serialize}	import
sources/influxdb_source/src/lib.rs	36	serde_json::json	import
sources/influxdb_source/src/lib.rs	37	std::collections::HashMap	import
sources/influxdb_source/src/lib.rs	38	std::sync::Arc	import
sources/influxdb_source/src/lib.rs	39	std::sync::OnceLock	import
sources/influxdb_source/src/lib.rs	40	std::time::Duration	import
sources/influxdb_source/src/lib.rs	41	tokio::sync::Mutex	import
sources/influxdb_source/src/lib.rs	42	tracing::{debug, error, info, warn}	import
sources/influxdb_source/src/lib.rs	43	uuid::Uuid	import
sources/influxdb_source/src/lib.rs	862	super::*	import
sources/influxdb_source/src/lib.rs	863	std::collections::HashMap	import
sources/influxdb_source/src/lib.rs	1275	std::io::{Read, Write}	import
sources/influxdb_source/src/lib.rs	1276	std::net::TcpListener as StdTcpListener	import
sources/postgres_source/src/lib.rs	20	async_trait::async_trait	import
sources/postgres_source/src/lib.rs	21	humantime::Duration as HumanDuration	import
sources/postgres_source/src/lib.rs	22	iggy_common::{DateTime, Utc}	import
sources/postgres_source/src/lib.rs	26	secrecy::{ExposeSecret, SecretString}	import
sources/postgres_source/src/lib.rs	27	serde::{Deserialize, Serialize}	import
sources/postgres_source/src/lib.rs	28	sqlx::postgres::PgPoolOptions	import
sources/postgres_source/src/lib.rs	29	sqlx::{Column, Pool, Postgres, Row, TypeInfo}	import
sources/postgres_source/src/lib.rs	30	std::collections::HashMap	import
sources/postgres_source/src/lib.rs	31	std::str::FromStr	import
sources/postgres_source/src/lib.rs	32	std::time::Duration	import
sources/postgres_source/src/lib.rs	33	tokio::sync::Mutex	import
sources/postgres_source/src/lib.rs	34	tracing::{debug, error, info, warn}	import
sources/postgres_source/src/lib.rs	35	uuid::Uuid	import
sources/postgres_source/src/lib.rs	991	base64::Engine	import
sources/postgres_source/src/lib.rs	1144	super::*	import
sources/random_source/src/lib.rs	20	async_trait::async_trait	import
sources/random_source/src/lib.rs	28	serde::{Deserialize, Serialize}	import
sources/random_source/src/lib.rs	29	std::{str::FromStr, time::Duration}	import
sources/random_source/src/lib.rs	30	tokio::{sync::Mutex, time::sleep}	import
sources/random_source/src/lib.rs	31	tracing::{error, info}	import
sources/random_source/src/lib.rs	32	uuid::Uuid	import
sources/random_source/src/lib.rs	205	super::*	import
